{
  "metadata": {
    "n_configs": 1,
    "duration": 0.6,
    "dt": 0.02,
    "noise_config": {
      "position_noise_std": 0.0,
      "heading_noise_std": 0.0,
      "control_delay_steps": 0,
      "tau_v": 0.0,
      "tau_omega": 0.0,
      "actuator_noise_std": 0.0
    },
    "base_seed": 42,
    "timestamp": "2026-04-06 17:13:21"
  },
  "results": {
    "hybrid_adaptive": {
      "n_runs": 1,
      "metrics": {
        "mean_tracking_error": {
          "mean": 0.05537518907462301,
          "std": 0.0,
          "min": 0.05537518907462301,
          "max": 0.05537518907462301,
          "p5": 0.05537518907462301,
          "p95": 0.05537518907462301
        },
        "max_tracking_error": {
          "mean": 0.10023775192351575,
          "std": 0.0,
          "min": 0.10023775192351575,
          "max": 0.10023775192351575,
          "p5": 0.10023775192351575,
          "p95": 0.10023775192351575
        },
        "final_tracking_error": {
          "mean": 0.005532094177495638,
          "std": 0.0,
          "min": 0.005532094177495638,
          "max": 0.005532094177495638,
          "p5": 0.005532094177495638,
          "p95": 0.005532094177495638
        },
        "mean_solve_time_ms": {
          "mean": 108.42376666065927,
          "std": 0.0,
          "min": 108.42376666065927,
          "max": 108.42376666065927,
          "p5": 108.42376666065927,
          "p95": 108.42376666065927
        },
        "max_solve_time_ms": {
          "mean": 130.24999998742715,
          "std": 0.0,
          "min": 130.24999998742715,
          "max": 130.24999998742715,
          "p5": 130.24999998742715,
          "p95": 130.24999998742715
        },
        "linear_jerk_rms": {
          "mean": 44.63903757103423,
          "std": 0.0,
          "min": 44.63903757103423,
          "max": 44.63903757103423,
          "p5": 44.63903757103423,
          "p95": 44.63903757103423
        },
        "angular_jerk_rms": {
          "mean": 1.6565587408382547,
          "std": 0.0,
          "min": 1.6565587408382547,
          "max": 1.6565587408382547,
          "p5": 1.6565587408382547,
          "p95": 1.6565587408382547
        },
        "linear_jerk_peak": {
          "mean": 122.74119571987603,
          "std": 0.0,
          "min": 122.74119571987603,
          "max": 122.74119571987603,
          "p5": 122.74119571987603,
          "p95": 122.74119571987603
        },
        "angular_jerk_peak": {
          "mean": 5.587945007978146,
          "std": 0.0,
          "min": 5.587945007978146,
          "max": 5.587945007978146,
          "p5": 5.587945007978146,
          "p95": 5.587945007978146
        },
        "infeasible_count": {
          "mean": 6.0,
          "std": 0.0,
          "min": 6.0,
          "max": 6.0,
          "p5": 6.0,
          "p95": 6.0
        },
        "collision_count": {
          "mean": 0.0,
          "std": 0.0,
          "min": 0.0,
          "max": 0.0,
          "p5": 0.0,
          "p95": 0.0
        },
        "total_control_effort": {
          "mean": 42.6471237266368,
          "std": 0.0,
          "min": 42.6471237266368,
          "max": 42.6471237266368,
          "p5": 42.6471237266368,
          "p95": 42.6471237266368
        },
        "wall_time_s": {
          "mean": 0.7370316000015009,
          "std": 0.0,
          "min": 0.7370316000015009,
          "max": 0.7370316000015009,
          "p5": 0.7370316000015009,
          "p95": 0.7370316000015009
        },
        "blend_weight_mean": {
          "mean": 0.006253584150509825,
          "std": 0.0,
          "min": 0.006253584150509825,
          "max": 0.006253584150509825,
          "p5": 0.006253584150509825,
          "p95": 0.006253584150509825
        },
        "blend_weight_std": {
          "mean": 0.009173987050600307,
          "std": 0.0,
          "min": 0.009173987050600307,
          "max": 0.009173987050600307,
          "p5": 0.009173987050600307,
          "p95": 0.009173987050600307
        },
        "smooth_transitions": {
          "mean": 0.0,
          "std": 0.0,
          "min": 0.0,
          "max": 0.0,
          "p5": 0.0,
          "p95": 0.0
        }
      }
    }
  }
}