{
  "metadata": {
    "n_configs": 1,
    "duration": 0.6,
    "dt": 0.02,
    "noise_config": {
      "position_noise_std": 0.0,
      "heading_noise_std": 0.0,
      "control_delay_steps": 0,
      "tau_v": 0.0,
      "tau_omega": 0.0,
      "actuator_noise_std": 0.0
    },
    "base_seed": 42,
    "timestamp": "2026-04-06 17:13:00"
  },
  "results": {
    "adaptive": {
      "n_runs": 1,
      "metrics": {
        "mean_tracking_error": {
          "mean": 0.28599377825126554,
          "std": 0.0,
          "min": 0.28599377825126554,
          "max": 0.28599377825126554,
          "p5": 0.28599377825126554,
          "p95": 0.28599377825126554
        },
        "max_tracking_error": {
          "mean": 0.535888312431164,
          "std": 0.0,
          "min": 0.535888312431164,
          "max": 0.535888312431164,
          "p5": 0.535888312431164,
          "p95": 0.535888312431164
        },
        "final_tracking_error": {
          "mean": 0.535888312431164,
          "std": 0.0,
          "min": 0.535888312431164,
          "max": 0.535888312431164,
          "p5": 0.535888312431164,
          "p95": 0.535888312431164
        },
        "mean_solve_time_ms": {
          "mean": 119.43341667453448,
          "std": 0.0,
          "min": 119.43341667453448,
          "max": 119.43341667453448,
          "p5": 119.43341667453448,
          "p95": 119.43341667453448
        },
        "max_solve_time_ms": {
          "mean": 153.3818000170868,
          "std": 0.0,
          "min": 153.3818000170868,
          "max": 153.3818000170868,
          "p5": 153.3818000170868,
          "p95": 153.3818000170868
        },
        "linear_jerk_rms": {
          "mean": 100.22481399282177,
          "std": 0.0,
          "min": 100.22481399282177,
          "max": 100.22481399282177,
          "p5": 100.22481399282177,
          "p95": 100.22481399282177
        },
        "angular_jerk_rms": {
          "mean": 12.380216619998224,
          "std": 0.0,
          "min": 12.380216619998224,
          "max": 12.380216619998224,
          "p5": 12.380216619998224,
          "p95": 12.380216619998224
        },
        "linear_jerk_peak": {
          "mean": 276.1751061699788,
          "std": 0.0,
          "min": 276.1751061699788,
          "max": 276.1751061699788,
          "p5": 276.1751061699788,
          "p95": 276.1751061699788
        },
        "angular_jerk_peak": {
          "mean": 26.95300657846067,
          "std": 0.0,
          "min": 26.95300657846067,
          "max": 26.95300657846067,
          "p5": 26.95300657846067,
          "p95": 26.95300657846067
        },
        "infeasible_count": {
          "mean": 6.0,
          "std": 0.0,
          "min": 6.0,
          "max": 6.0,
          "p5": 6.0,
          "p95": 6.0
        },
        "collision_count": {
          "mean": 0.0,
          "std": 0.0,
          "min": 0.0,
          "max": 0.0,
          "p5": 0.0,
          "p95": 0.0
        },
        "total_control_effort": {
          "mean": 13.48091011906461,
          "std": 0.0,
          "min": 13.48091011906461,
          "max": 13.48091011906461,
          "p5": 13.48091011906461,
          "p95": 13.48091011906461
        },
        "wall_time_s": {
          "mean": 0.8024799000122584,
          "std": 0.0,
          "min": 0.8024799000122584,
          "max": 0.8024799000122584,
          "p5": 0.8024799000122584,
          "p95": 0.8024799000122584
        }
      }
    }
  }
}