mode,config_id,seed,mean_tracking_error,max_tracking_error,final_tracking_error,mean_solve_time_ms,max_solve_time_ms,linear_jerk_rms,angular_jerk_rms,linear_jerk_peak,angular_jerk_peak,infeasible_count,collision_count,total_control_effort,blend_weight_mean,smooth_transitions,wall_time_s
hybrid,0,42,2.898127916327992,9.515682681514184,9.515682681514184,203.72208750020945,451.1893000017153,95.63406061104932,150.99585724336814,983.3320368656433,2573.46905123616,0,13,3060.0928639965314,0.07192327385889079,0,41.62033780000638
hybrid,1,43,2.7124167727890236,6.512388936485173,3.6745689377321376,193.33236349928484,394.64110000699293,106.94485103065756,134.047116137472,1508.7453279987205,2077.061816963694,0,13,3411.818054255048,0.06455235399734364,0,39.37880109999969
hybrid,2,44,2.8501341102905897,9.416679040713543,9.416679040713543,180.28920700002345,318.4130000008736,132.1560874238258,359.77569813791825,1537.476863416435,7609.813051028939,0,8,3103.896400151365,0.0697804567670165,0,36.72519789999933
hybrid,3,45,9.119415717415672,24.006481543948006,24.006481543948006,194.23153949930565,374.3103000015253,101.63100300550092,72.68449277818326,1560.8714977543236,1221.45382426022,0,9,2194.3164568136754,0.05191433024903546,0,39.55758570000762
hybrid,4,46,9.793508074145663,24.9803152061102,24.9803152061102,195.95073799966485,383.39990000531543,89.24048206741863,70.72285101855101,1490.575335935928,1205.2244230269691,0,7,2222.9273242419777,0.051651799469759445,0,39.893365700001596
