{
  "metadata": {
    "n_configs": 5,
    "duration": 20.0,
    "dt": 0.02,
    "noise_config": {
      "position_noise_std": 0.0,
      "heading_noise_std": 0.0,
      "control_delay_steps": 0,
      "tau_v": 0.0,
      "tau_omega": 0.0,
      "actuator_noise_std": 0.0
    },
    "base_seed": 42,
    "timestamp": "2026-02-16 21:57:43"
  },
  "results": {
    "hybrid": {
      "n_runs": 5,
      "metrics": {
        "mean_tracking_error": {
          "mean": 5.474720518193788,
          "std": 3.2586295978246063,
          "min": 2.7124167727890236,
          "max": 9.793508074145663,
          "p5": 2.739960240289337,
          "p95": 9.658689602799665
        },
        "max_tracking_error": {
          "mean": 14.886309481754221,
          "std": 7.92400813597318,
          "min": 6.512388936485173,
          "max": 24.9803152061102,
          "p5": 7.093246957330846,
          "p95": 24.78554847367776
        },
        "final_tracking_error": {
          "mean": 14.318745482003612,
          "std": 8.57810539634214,
          "min": 3.6745689377321376,
          "max": 24.9803152061102,
          "p5": 4.822990958328418,
          "p95": 24.78554847367776
        },
        "mean_solve_time_ms": {
          "mean": 193.50518709969765,
          "std": 7.557583724955602,
          "min": 180.28920700002345,
          "max": 203.72208750020945,
          "p5": 182.89783829987573,
          "p95": 202.16781760010053
        },
        "max_solve_time_ms": {
          "mean": 384.3907200032845,
          "std": 42.48005816480001,
          "min": 318.4130000008736,
          "max": 451.1893000017153,
          "p5": 329.59246000100393,
          "p95": 439.87966000277083
        },
        "linear_jerk_rms": {
          "mean": 105.12129682769046,
          "std": 14.755306380781635,
          "min": 89.24048206741863,
          "max": 132.1560874238258,
          "p5": 90.51919777614476,
          "p95": 127.11384014519214
        },
        "angular_jerk_rms": {
          "mean": 157.6452030630985,
          "std": 106.0487040209781,
          "min": 70.72285101855101,
          "max": 359.77569813791825,
          "p5": 71.11517937047746,
          "p95": 318.0197299590082
        },
        "linear_jerk_peak": {
          "mean": 1416.20021239421,
          "std": 217.76543421784916,
          "min": 983.3320368656433,
          "max": 1560.8714977543236,
          "p5": 1084.7806966797002,
          "p95": 1556.192570886746
        },
        "angular_jerk_peak": {
          "mean": 2937.4044333031966,
          "std": 2393.6990099627596,
          "min": 1205.2244230269691,
          "max": 7609.813051028939,
          "p5": 1208.4703032736193,
          "p95": 6602.544251070382
        },
        "infeasible_count": {
          "mean": 0.0,
          "std": 0.0,
          "min": 0.0,
          "max": 0.0,
          "p5": 0.0,
          "p95": 0.0
        },
        "collision_count": {
          "mean": 10.0,
          "std": 2.5298221281347035,
          "min": 7.0,
          "max": 13.0,
          "p5": 7.2,
          "p95": 13.0
        },
        "total_control_effort": {
          "mean": 2798.610219891719,
          "std": 496.8256075503409,
          "min": 2194.3164568136754,
          "max": 3411.818054255048,
          "p5": 2200.0386302993356,
          "p95": 3350.2337234343113
        },
        "wall_time_s": {
          "mean": 39.435057640002924,
          "std": 1.571433319605925,
          "min": 36.72519789999933,
          "max": 41.62033780000638,
          "p5": 37.2559185399994,
          "p95": 41.274943380005425
        },
        "blend_weight_mean": {
          "mean": 0.061964442868409166,
          "std": 0.008652410640986376,
          "min": 0.051651799469759445,
          "max": 0.07192327385889079,
          "p5": 0.05170430562561465,
          "p95": 0.07149471044051593
        },
        "blend_weight_std": {
          "mean": 0.04475120998498917,
          "std": 0.006034168126135086,
          "min": 0.037388850465193864,
          "max": 0.050964126866223265,
          "p5": 0.03742646675355681,
          "p95": 0.05080446782271772
        },
        "smooth_transitions": {
          "mean": 0.0,
          "std": 0.0,
          "min": 0.0,
          "max": 0.0,
          "p5": 0.0,
          "p95": 0.0
        }
      }
    }
  }
}