{
  "metadata": {
    "n_configs": 50,
    "duration": 20.0,
    "dt": 0.02,
    "noise_config": {
      "position_noise_std": 0.0,
      "heading_noise_std": 0.0,
      "control_delay_steps": 0,
      "tau_v": 0.0,
      "tau_omega": 0.0,
      "actuator_noise_std": 0.0
    },
    "base_seed": 42,
    "timestamp": "2026-03-09 22:04:45"
  },
  "results": {
    "mpc": {
      "n_runs": 50,
      "metrics": {
        "mean_tracking_error": {
          "mean": 1.4716374896619775,
          "std": 2.220446049250313e-16,
          "min": 1.4716374896619777,
          "max": 1.4716374896619777,
          "p5": 1.4716374896619777,
          "p95": 1.4716374896619777
        },
        "max_tracking_error": {
          "mean": 3.172003614751656,
          "std": 4.440892098500626e-16,
          "min": 3.1720036147516564,
          "max": 3.1720036147516564,
          "p5": 3.1720036147516564,
          "p95": 3.1720036147516564
        },
        "final_tracking_error": {
          "mean": 2.4099991572013177,
          "std": 4.440892098500626e-16,
          "min": 2.409999157201318,
          "max": 2.409999157201318,
          "p5": 2.409999157201318,
          "p95": 2.409999157201318
        },
        "mean_solve_time_ms": {
          "mean": 2.2676599339358146,
          "std": 0.1311568803548371,
          "min": 2.174019019033434,
          "max": 3.154544644649041,
          "p5": 2.202592667650775,
          "p95": 2.3149828829009054
        },
        "max_solve_time_ms": {
          "mean": 29.527048000018112,
          "std": 5.4195514116515255,
          "min": 26.310199999898032,
          "max": 52.18030000014551,
          "p5": 26.7664949997652,
          "p95": 42.245410000123194
        },
        "linear_jerk_rms": {
          "mean": 79.69594628708295,
          "std": 1.4210854715202004e-14,
          "min": 79.69594628708296,
          "max": 79.69594628708296,
          "p5": 79.69594628708296,
          "p95": 79.69594628708296
        },
        "angular_jerk_rms": {
          "mean": 837.0220498225785,
          "std": 1.1368683772161603e-13,
          "min": 837.0220498225787,
          "max": 837.0220498225787,
          "p5": 837.0220498225787,
          "p95": 837.0220498225787
        },
        "linear_jerk_peak": {
          "mean": 1459.3508147100936,
          "std": 0.0,
          "min": 1459.3508147100936,
          "max": 1459.3508147100936,
          "p5": 1459.3508147100936,
          "p95": 1459.3508147100936
        },
        "angular_jerk_peak": {
          "mean": 10956.691662006964,
          "std": 1.8189894035458565e-12,
          "min": 10956.691662006962,
          "max": 10956.691662006962,
          "p5": 10956.691662006962,
          "p95": 10956.691662006962
        },
        "infeasible_count": {
          "mean": 0.0,
          "std": 0.0,
          "min": 0.0,
          "max": 0.0,
          "p5": 0.0,
          "p95": 0.0
        },
        "collision_count": {
          "mean": 29.3,
          "std": 24.592071893193545,
          "min": 0.0,
          "max": 103.0,
          "p5": 0.0,
          "p95": 67.29999999999998
        },
        "total_control_effort": {
          "mean": 2865.9652315400854,
          "std": 0.0,
          "min": 2865.9652315400854,
          "max": 2865.9652315400854,
          "p5": 2865.9652315400854,
          "p95": 2865.9652315400854
        },
        "wall_time_s": {
          "mean": 2.3976187099999877,
          "std": 0.13861263526480866,
          "min": 2.3006020000002536,
          "max": 3.3362713000005897,
          "p5": 2.330032480000091,
          "p95": 2.44459667000001
        }
      }
    },
    "lqr": {
      "n_runs": 50,
      "metrics": {
        "mean_tracking_error": {
          "mean": 10.083215468326081,
          "std": 0.0,
          "min": 10.083215468326081,
          "max": 10.083215468326081,
          "p5": 10.083215468326081,
          "p95": 10.083215468326081
        },
        "max_tracking_error": {
          "mean": 26.10883639474549,
          "std": 7.105427357601002e-15,
          "min": 26.108836394745484,
          "max": 26.108836394745484,
          "p5": 26.108836394745484,
          "p95": 26.108836394745484
        },
        "final_tracking_error": {
          "mean": 26.10883639474549,
          "std": 7.105427357601002e-15,
          "min": 26.108836394745484,
          "max": 26.108836394745484,
          "p5": 26.108836394745484,
          "p95": 26.108836394745484
        },
        "mean_solve_time_ms": {
          "mean": 0.0,
          "std": 0.0,
          "min": 0.0,
          "max": 0.0,
          "p5": 0.0,
          "p95": 0.0
        },
        "max_solve_time_ms": {
          "mean": 0.0,
          "std": 0.0,
          "min": 0.0,
          "max": 0.0,
          "p5": 0.0,
          "p95": 0.0
        },
        "linear_jerk_rms": {
          "mean": 19.268198080669773,
          "std": 0.0,
          "min": 19.268198080669773,
          "max": 19.268198080669773,
          "p5": 19.268198080669773,
          "p95": 19.268198080669773
        },
        "angular_jerk_rms": {
          "mean": 8.325925034128515,
          "std": 0.0,
          "min": 8.325925034128515,
          "max": 8.325925034128515,
          "p5": 8.325925034128515,
          "p95": 8.325925034128515
        },
        "linear_jerk_peak": {
          "mean": 392.7250092451117,
          "std": 5.684341886080802e-14,
          "min": 392.7250092451118,
          "max": 392.7250092451118,
          "p5": 392.7250092451118,
          "p95": 392.7250092451118
        },
        "angular_jerk_peak": {
          "mean": 105.34455480168624,
          "std": 0.0,
          "min": 105.34455480168624,
          "max": 105.34455480168624,
          "p5": 105.34455480168624,
          "p95": 105.34455480168624
        },
        "infeasible_count": {
          "mean": 0.0,
          "std": 0.0,
          "min": 0.0,
          "max": 0.0,
          "p5": 0.0,
          "p95": 0.0
        },
        "collision_count": {
          "mean": 6.88,
          "std": 13.806723000046027,
          "min": 0.0,
          "max": 61.0,
          "p5": 0.0,
          "p95": 39.39999999999998
        },
        "total_control_effort": {
          "mean": 2292.2742604347404,
          "std": 0.0,
          "min": 2292.2742604347404,
          "max": 2292.2742604347404,
          "p5": 2292.2742604347404,
          "p95": 2292.2742604347404
        },
        "wall_time_s": {
          "mean": 0.058593222000035895,
          "std": 0.001758391249208085,
          "min": 0.05539130000033765,
          "max": 0.06407420000050479,
          "p5": 0.05573724499945456,
          "p95": 0.061322884999663076
        }
      }
    },
    "hard_switch": {
      "n_runs": 50,
      "metrics": {
        "mean_tracking_error": {
          "mean": 6.550198703128176,
          "std": 4.590402659217131,
          "min": 0.019350493777371473,
          "max": 14.122198956162057,
          "p5": 0.6107305235000637,
          "p95": 13.544375275332936
        },
        "max_tracking_error": {
          "mean": 16.48658761487397,
          "std": 10.883475579863555,
          "min": 0.18389835927524392,
          "max": 31.32917829828455,
          "p5": 2.4305090005342653,
          "p95": 30.651920270642222
        },
        "final_tracking_error": {
          "mean": 16.170081749293566,
          "std": 11.242681513891506,
          "min": 0.013698574723073554,
          "max": 31.32917829828455,
          "p5": 0.7955331041711069,
          "p95": 30.651920270642222
        },
        "mean_solve_time_ms": {
          "mean": 2.4590329645738436,
          "std": 1.7141145098623534,
          "min": 0.0,
          "max": 11.408766666742546,
          "p5": 0.0,
          "p95": 4.719234148964489
        },
        "max_solve_time_ms": {
          "mean": 25.212934000010137,
          "std": 10.40421504735569,
          "min": 0.0,
          "max": 48.316800000065996,