{
  "metadata": {
    "n_configs": 50,
    "duration": 20.0,
    "dt": 0.02,
    "noise_config": {
      "position_noise_std": 0.0,
      "heading_noise_std": 0.0,
      "control_delay_steps": 0,
      "tau_v": 0.0,
      "tau_omega": 0.0,
      "actuator_noise_std": 0.0
    },
    "base_seed": 42,
    "timestamp": "2026-03-10 17:58:44"
  },
  "results": {
    "lqr": {
      "n_runs": 50,
      "metrics": {
        "mean_tracking_error": {
          "mean": 10.083215468326081,
          "std": 0.0,
          "min": 10.083215468326081,
          "max": 10.083215468326081,
          "p5": 10.083215468326081,
          "p95": 10.083215468326081
        },
        "max_tracking_error": {
          "mean": 26.10883639474549,
          "std": 7.105427357601002e-15,
          "min": 26.108836394745484,
          "max": 26.108836394745484,
          "p5": 26.108836394745484,
          "p95": 26.108836394745484
        },
        "final_tracking_error": {
          "mean": 26.10883639474549,
          "std": 7.105427357601002e-15,
          "min": 26.108836394745484,
          "max": 26.108836394745484,
          "p5": 26.108836394745484,
          "p95": 26.108836394745484
        },
        "mean_solve_time_ms": {
          "mean": 0.0,
          "std": 0.0,
          "min": 0.0,
          "max": 0.0,
          "p5": 0.0,
          "p95": 0.0
        },
        "max_solve_time_ms": {
          "mean": 0.0,
          "std": 0.0,
          "min": 0.0,
          "max": 0.0,
          "p5": 0.0,
          "p95": 0.0
        },
        "linear_jerk_rms": {
          "mean": 19.268198080669773,
          "std": 0.0,
          "min": 19.268198080669773,
          "max": 19.268198080669773,
          "p5": 19.268198080669773,
          "p95": 19.268198080669773
        },
        "angular_jerk_rms": {
          "mean": 8.325925034128515,
          "std": 0.0,
          "min": 8.325925034128515,
          "max": 8.325925034128515,
          "p5": 8.325925034128515,
          "p95": 8.325925034128515
        },
        "linear_jerk_peak": {
          "mean": 392.7250092451117,
          "std": 5.684341886080802e-14,
          "min": 392.7250092451118,
          "max": 392.7250092451118,
          "p5": 392.7250092451118,
          "p95": 392.7250092451118
        },
        "angular_jerk_peak": {
          "mean": 105.34455480168624,
          "std": 0.0,
          "min": 105.34455480168624,
          "max": 105.34455480168624,
          "p5": 105.34455480168624,
          "p95": 105.34455480168624
        },
        "infeasible_count": {
          "mean": 0.0,
          "std": 0.0,
          "min": 0.0,
          "max": 0.0,
          "p5": 0.0,
          "p95": 0.0
        },
        "collision_count": {
          "mean": 6.88,
          "std": 13.806723000046027,
          "min": 0.0,
          "max": 61.0,
          "p5": 0.0,
          "p95": 39.39999999999998
        },
        "total_control_effort": {
          "mean": 2292.2742604347404,
          "std": 0.0,
          "min": 2292.2742604347404,
          "max": 2292.2742604347404,
          "p5": 2292.2742604347404,
          "p95": 2292.2742604347404
        },
        "wall_time_s": {
          "mean": 0.07552988400002505,
          "std": 0.018276748438557245,
          "min": 0.04877960000067105,
          "max": 0.14807010000004084,
          "p5": 0.0547823000002154,
          "p95": 0.09970655499992062
        }
      }
    },
    "mpc": {
      "n_runs": 50,
      "metrics": {
        "mean_tracking_error": {
          "mean": 0.26070119272440995,
          "std": 0.3166185019758322,
          "min": 0.055303401696787276,
          "max": 2.116340720399168,
          "p5": 0.06671246496524884,
          "p95": 0.5284576467221219
        },
        "max_tracking_error": {
          "mean": 1.0634506223106,
          "std": 0.8748902748597202,
          "min": 0.34377242969587335,
          "max": 6.159262184072348,
          "p5": 0.44447473366804713,
          "p95": 2.0568290923028334
        },
        "final_tracking_error": {
          "mean": 0.2874496954121309,
          "std": 0.2752383845236615,
          "min": 0.01658184497706715,
          "max": 1.7650329591802258,
          "p5": 0.032862106371747905,
          "p95": 0.7042975734188468
        },
        "mean_solve_time_ms": {
          "mean": 1331.3857747327254,
          "std": 6818.799199045555,
          "min": 54.73141511508918,
          "max": 47346.92561451439,
          "p5": 60.663340090076666,
          "p95": 272.74889471474904
        },
        "max_solve_time_ms": {
          "mean": 646869.655074,
          "std": 3252284.865526026,
          "min": 125.44109999998909,
          "max": 19858827.465,
          "p5": 158.54223000033016,
          "p95": 912.6722549976876
        },
        "linear_jerk_rms": {
          "mean": 621.8295239576622,
          "std": 186.84985359524566,
          "min": 221.78183141491954,
          "max": 1029.1344162027367,
          "p5": 308.07199888704645,
          "p95": 948.5114256596904
        },
        "angular_jerk_rms": {
          "mean": 173.57653670898594,
          "std": 124.11075513593221,
          "min": 16.212357556852776,
          "max": 457.91759392332074,
          "p5": 32.30429799705634,
          "p95": 416.48161483965424
        },
        "linear_jerk_peak": {
          "mean": 9298.974406436822,
          "std": 2062.903043001878,
          "min": 3672.390898268197,
          "max": 14598.139090910217,
          "p5": 4773.202383004941,
          "p95": 13267.450612894085
        },
        "angular_jerk_peak": {
          "mean": 2746.1706329872536,
          "std": 1949.7825170149622,
          "min": 279.0981794063296,
          "max": 7435.832928126077,
          "p5": 510.7537376243987,
          "p95": 6340.457995317504
        },
        "infeasible_count": {
          "mean": 0.0,
          "std": 0.0,
          "min": 0.0,
          "max": 0.0,
          "p5": 0.0,
          "p95": 0.0
        },
        "collision_count": {
          "mean": 7.58,
          "std": 11.5587023493124,
          "min": 0.0,
          "max": 45.0,
          "p5": 0.0,
          "p95": 30.19999999999999
        },
        "total_control_effort": {
          "mean": 1873.8223908806062,
          "std": 228.66256806088703,
          "min": 1676.220844308201,
          "max": 3220.266052379421,
          "p5": 1714.7618047247945,
          "p95": 2132.657392620481
        },
        "wall_time_s": {
          "mean": 1332.9157506839997,
          "std": 6811.924477085337,
          "min": 55.57746800000041,
          "max": 47301.5832645,
          "p5": 61.53796375500033,
          "p95": 296.31607018499557
        }
      }
    },
    "hard_switch": {
      "n_runs": 50,
      "metrics": {
        "mean_tracking_error": {
          "mean": 7.974478362525002,
          "std": 4.3872294618452505,
          "min": 0.1745764982976555,
          "max": 14.212520494990187,
          "p5": 0.7649420587993452,
          "p95": 14.021585441560761
        },
        "max_tracking_error": {
          "mean": 20.184638779879723,
          "std": 9.763775063807405,
          "min": 0.702763849194432,
          "max": 31.427118609136244,
          "p5": 3.323766422353346,
          "p95": 31.166955129857698
        },
        "final_tracking_error": {
          "mean": 19.80683601144716,
          "std": 10.285698487175388,
          "min": 0.304135653346363,
          "max": 31.427118609136244,
          "p5": 1.7069913670689658,
          "p95": 31.166955129857698
        },
        "mean_solve_time_ms": {
          "mean": 254.40861845082173,
          "std": 106.91548202098993,
          "min": 0.0,
          "max": 434.0311280173974,
          "p5": 0.0,
          "p95": 372.332626387469
        },
        "max_solve_time_ms": {
          "mean": 1165.3003500011982,
          "std": 4647.425005243405,
          "min": 0.0,
          "max": 33642.47360000445,
          "p5": 0.0,