{
  "metadata": {
    "n_configs": 1,
    "duration": 1.0,
    "dt": 0.02,
    "noise_config": {
      "position_noise_std": 0.05,
      "heading_noise_std": 0.01,
      "control_delay_steps": 0,
      "tau_v": 0.0,
      "tau_omega": 0.0,
      "actuator_noise_std": 0.0
    },
    "base_seed": 42,
    "timestamp": "2026-04-25 17:59:16"
  },
  "results": {
    "mpc": {
      "n_runs": 1,
      "metrics": {
        "mean_tracking_error": {
          "mean": 0.07028319406862442,
          "std": 0.0,
          "min": 0.07028319406862442,
          "max": 0.07028319406862442,
          "p5": 0.07028319406862442,
          "p95": 0.07028319406862442
        },
        "max_tracking_error": {
          "mean": 0.13884746221222355,
          "std": 0.0,
          "min": 0.13884746221222355,
          "max": 0.13884746221222355,
          "p5": 0.13884746221222355,
          "p95": 0.13884746221222355
        },
        "final_tracking_error": {
          "mean": 0.039517389722171524,
          "std": 0.0,
          "min": 0.039517389722171524,
          "max": 0.039517389722171524,
          "p5": 0.039517389722171524,
          "p95": 0.039517389722171524
        },
        "mean_solve_time_ms": {
          "mean": 6.684775509674349,
          "std": 0.0,
          "min": 6.684775509674349,
          "max": 6.684775509674349,
          "p5": 6.684775509674349,
          "p95": 6.684775509674349
        },
        "max_solve_time_ms": {
          "mean": 116.45499999576714,
          "std": 0.0,
          "min": 116.45499999576714,
          "max": 116.45499999576714,
          "p5": 116.45499999576714,
          "p95": 116.45499999576714
        },
        "linear_jerk_rms": {
          "mean": 5262.793633795957,
          "std": 0.0,
          "min": 5262.793633795957,
          "max": 5262.793633795957,
          "p5": 5262.793633795957,
          "p95": 5262.793633795957
        },
        "angular_jerk_rms": {
          "mean": 1182.325089150353,
          "std": 0.0,
          "min": 1182.325089150353,
          "max": 1182.325089150353,
          "p5": 1182.325089150353,
          "p95": 1182.325089150353
        },
        "linear_jerk_peak": {
          "mean": 12913.320853606037,
          "std": 0.0,
          "min": 12913.320853606037,
          "max": 12913.320853606037,
          "p5": 12913.320853606037,
          "p95": 12913.320853606037
        },
        "angular_jerk_peak": {
          "mean": 2837.2527105813306,
          "std": 0.0,
          "min": 2837.2527105813306,
          "max": 2837.2527105813306,
          "p5": 2837.2527105813306,
          "p95": 2837.2527105813306
        },
        "infeasible_count": {
          "mean": 0.0,
          "std": 0.0,
          "min": 0.0,
          "max": 0.0,
          "p5": 0.0,
          "p95": 0.0
        },
        "collision_count": {
          "mean": 0.0,
          "std": 0.0,
          "min": 0.0,
          "max": 0.0,
          "p5": 0.0,
          "p95": 0.0
        },
        "total_control_effort": {
          "mean": 76.25012604128759,
          "std": 0.0,
          "min": 76.25012604128759,
          "max": 76.25012604128759,
          "p5": 76.25012604128759,
          "p95": 76.25012604128759
        },
        "wall_time_s": {
          "mean": 0.353949600001215,
          "std": 0.0,
          "min": 0.353949600001215,
          "max": 0.353949600001215,
          "p5": 0.353949600001215,
          "p95": 0.353949600001215
        }
      }
    },
    "hard_switch": {
      "n_runs": 1,
      "metrics": {
        "mean_tracking_error": {
          "mean": 0.0658398665629237,
          "std": 0.0,
          "min": 0.0658398665629237,
          "max": 0.0658398665629237,
          "p5": 0.0658398665629237,
          "p95": 0.0658398665629237
        },
        "max_tracking_error": {
          "mean": 0.1463909947727761,
          "std": 0.0,
          "min": 0.1463909947727761,
          "max": 0.1463909947727761,
          "p5": 0.1463909947727761,
          "p95": 0.1463909947727761
        },
        "final_tracking_error": {
          "mean": 0.06874775029326152,
          "std": 0.0,
          "min": 0.06874775029326152,
          "max": 0.06874775029326152,
          "p5": 0.06874775029326152,
          "p95": 0.06874775029326152
        },
        "mean_solve_time_ms": {
          "mean": 8.71215714349611,
          "std": 0.0,
          "min": 8.71215714349611,
          "max": 8.71215714349611,
          "p5": 8.71215714349611,
          "p95": 8.71215714349611
        },
        "max_solve_time_ms": {
          "mean": 194.1720000031637,
          "std": 0.0,
          "min": 194.1720000031637,
          "max": 194.1720000031637,
          "p5": 194.1720000031637,
          "p95": 194.1720000031637
        },
        "linear_jerk_rms": {
          "mean": 4426.081967440047,
          "std": 0.0,
          "min": 4426.081967440047,
          "max": 4426.081967440047,
          "p5": 4426.081967440047,
          "p95": 4426.081967440047
        },
        "angular_jerk_rms": {
          "mean": 1104.75155498494,
          "std": 0.0,
          "min": 1104.75155498494,
          "max": 1104.75155498494,
          "p5": 1104.75155498494,
          "p95": 1104.75155498494
        },
        "linear_jerk_peak": {
          "mean": 12513.702740903434,
          "std": 0.0,
          "min": 12513.702740903434,
          "max": 12513.702740903434,
          "p5": 12513.702740903434,
          "p95": 12513.702740903434
        },
        "angular_jerk_peak": {
          "mean": 2270.8840302522044,
          "std": 0.0,
          "min": 2270.8840302522044,
          "max": 2270.8840302522044,
          "p5": 2270.8840302522044,
          "p95": 2270.8840302522044
        },
        "infeasible_count": {
          "mean": 0.0,
          "std": 0.0,
          "min": 0.0,
          "max": 0.0,
          "p5": 0.0,
          "p95": 0.0
        },
        "collision_count": {
          "mean": 0.0,
          "std": 0.0,
          "min": 0.0,
          "max": 0.0,
          "p5": 0.0,
          "p95": 0.0
        },
        "total_control_effort": {
          "mean": 77.50353227416484,
          "std": 0.0,
          "min": 77.50353227416484,
          "max": 77.50353227416484,
          "p5": 77.50353227416484,
          "p95": 77.50353227416484
        },
        "wall_time_s": {
          "mean": 0.4610908000031486,
          "std": 0.0,
          "min": 0.4610908000031486,
          "max": 0.4610908000031486,
          "p5": 0.4610908000031486,
          "p95": 0.4610908000031486
        }
      }
    },
    "hybrid": {
      "n_runs": 1,
      "metrics": {
        "mean_tracking_error": {
          "mean": 0.0747129739959857,
          "std": 0.0,
          "min": 0.0747129739959857,
          "max": 0.0747129739959857,
          "p5": 0.0747129739959857,
          "p95": 0.0747129739959857
        },
        "max_tracking_error": {
          "mean": 0.1957589209038765,
          "std": 0.0,
          "min": 0.1957589209038765,
          "max": 0.1957589209038765,
          "p5": 0.1957589209038765,
          "p95": 0.1957589209038765
        },
        "final_tracking_error": {
          "mean": 0.04261530290753565,
          "std": 0.0,
          "min": 0.04261530290753565,
          "max": 0.04261530290753565,
          "p5": 0.04261530290753565,
          "p95": 0.04261530290753565
        },
        "mean_solve_time_ms": {
          "mean": 21.60101999907056,
          "std": 0.0,
          "min": 21.60101999907056,
          "max": 21.60101999907056,
          "p5": 21.60101999907056,
          "p95": 21.60101999907056
        },
        "max_solve_time_ms": {
          "mean": 181.34780001128092,
          "std": 0.0,
          "min": 181.34780001128092,
          "max": 181.34780001128092,
          "p5": 181.34780001128092,
          "p95": 181.34780001128092
        },
        "linear_jerk_rms": {
          "mean": 1554.2179069707277,
          "std": 0.0,