mode,n_runs,mean_tracking_error_mean,mean_tracking_error_std,max_tracking_error_mean,max_tracking_error_std,final_tracking_error_mean,final_tracking_error_std,mean_solve_time_ms_mean,mean_solve_time_ms_std,max_solve_time_ms_mean,max_solve_time_ms_std,linear_jerk_rms_mean,linear_jerk_rms_std,angular_jerk_rms_mean,angular_jerk_rms_std,linear_jerk_peak_mean,linear_jerk_peak_std,angular_jerk_peak_mean,angular_jerk_peak_std,infeasible_count_mean,infeasible_count_std,collision_count_mean,collision_count_std,total_control_effort_mean,total_control_effort_std,wall_time_s_mean,wall_time_s_std
lqr,50,10.083215,0.000000,26.108836,0.000000,26.108836,0.000000,0.000000,0.000000,0.000000,0.000000,19.268198,0.000000,8.325925,0.000000,392.725009,0.000000,105.344555,0.000000,0.000000,0.000000,6.880000,13.806723,2292.274260,0.000000,0.075530,0.018277
mpc,50,0.260701,0.316619,1.063451,0.874890,0.287450,0.275238,1331.385775,6818.799199,646869.655074,3252284.865526,621.829524,186.849854,173.576537,124.110755,9298.974406,2062.903043,2746.170633,1949.782517,0.000000,0.000000,7.580000,11.558702,1873.822391,228.662568,1332.915751,6811.924477
hard_switch,50,7.974478,4.387229,20.184639,9.763775,19.806836,10.285698,254.408618,106.915482,1165.300350,4647.425005,2560.684540,3189.148345,3021.882138,4102.700441,10841.072755,8403.381561,13723.479766,12116.519339,0.000000,0.000000,3.120000,4.748221,2651.040861,535.021017,54.703622,52.045206
hybrid,50,7.197534,4.283127,15.561525,9.947545,14.875595,10.383032,302.950641,228.473736,7437.460474,45138.319172,98.297996,27.093086,154.315105,122.503880,1376.130843,362.651429,2698.420458,2710.660716,0.000000,0.000000,6.400000,11.701282,3194.084708,764.170736,61.465786,45.729086
