{
  "metadata": {
    "n_configs": 1,
    "duration": 1.0,
    "dt": 0.02,
    "noise_config": {
      "position_noise_std": 0.0,
      "heading_noise_std": 0.0,
      "control_delay_steps": 0,
      "tau_v": 0.0,
      "tau_omega": 0.0,
      "actuator_noise_std": 0.0
    },
    "base_seed": 42,
    "timestamp": "2026-04-06 17:10:07"
  },
  "results": {
    "lqr": {
      "n_runs": 1,
      "metrics": {
        "mean_tracking_error": {
          "mean": 0.03354892759777062,
          "std": 0.0,
          "min": 0.03354892759777062,
          "max": 0.03354892759777062,
          "p5": 0.03354892759777062,
          "p95": 0.03354892759777062
        },
        "max_tracking_error": {
          "mean": 0.09964636377331001,
          "std": 0.0,
          "min": 0.09964636377331001,
          "max": 0.09964636377331001,
          "p5": 0.09964636377331001,
          "p95": 0.09964636377331001
        },
        "final_tracking_error": {
          "mean": 0.0010595179247607116,
          "std": 0.0,
          "min": 0.0010595179247607116,
          "max": 0.0010595179247607116,
          "p5": 0.0010595179247607116,
          "p95": 0.0010595179247607116
        },
        "mean_solve_time_ms": {
          "mean": 0.0,
          "std": 0.0,
          "min": 0.0,
          "max": 0.0,
          "p5": 0.0,
          "p95": 0.0
        },
        "max_solve_time_ms": {
          "mean": 0.0,
          "std": 0.0,
          "min": 0.0,
          "max": 0.0,
          "p5": 0.0,
          "p95": 0.0
        },
        "linear_jerk_rms": {
          "mean": 36.19515638414633,
          "std": 0.0,
          "min": 36.19515638414633,
          "max": 36.19515638414633,
          "p5": 36.19515638414633,
          "p95": 36.19515638414633
        },
        "angular_jerk_rms": {
          "mean": 1.3823025327769127,
          "std": 0.0,
          "min": 1.3823025327769127,
          "max": 1.3823025327769127,
          "p5": 1.3823025327769127,
          "p95": 1.3823025327769127
        },
        "linear_jerk_peak": {
          "mean": 138.71450800247817,
          "std": 0.0,
          "min": 138.71450800247817,
          "max": 138.71450800247817,
          "p5": 138.71450800247817,
          "p95": 138.71450800247817
        },
        "angular_jerk_peak": {
          "mean": 5.524034095437111,
          "std": 0.0,
          "min": 5.524034095437111,
          "max": 5.524034095437111,
          "p5": 5.524034095437111,
          "p95": 5.524034095437111
        },
        "infeasible_count": {
          "mean": 0.0,
          "std": 0.0,
          "min": 0.0,
          "max": 0.0,
          "p5": 0.0,
          "p95": 0.0
        },
        "collision_count": {
          "mean": 0.0,
          "std": 0.0,
          "min": 0.0,
          "max": 0.0,
          "p5": 0.0,
          "p95": 0.0
        },
        "total_control_effort": {
          "mean": 73.97267318566786,
          "std": 0.0,
          "min": 73.97267318566786,
          "max": 73.97267318566786,
          "p5": 73.97267318566786,
          "p95": 73.97267318566786
        },
        "wall_time_s": {
          "mean": 0.006529700011014938,
          "std": 0.0,
          "min": 0.006529700011014938,
          "max": 0.006529700011014938,
          "p5": 0.006529700011014938,
          "p95": 0.006529700011014938
        }
      }
    },
    "mpc": {
      "n_runs": 1,
      "metrics": {
        "mean_tracking_error": {
          "mean": 0.01072432318653707,
          "std": 0.0,
          "min": 0.01072432318653707,
          "max": 0.01072432318653707,
          "p5": 0.01072432318653707,
          "p95": 0.01072432318653707
        },
        "max_tracking_error": {
          "mean": 0.023626655783628447,
          "std": 0.0,
          "min": 0.023626655783628447,
          "max": 0.023626655783628447,
          "p5": 0.023626655783628447,
          "p95": 0.023626655783628447
        },
        "final_tracking_error": {
          "mean": 0.023626655783628447,
          "std": 0.0,
          "min": 0.023626655783628447,
          "max": 0.023626655783628447,
          "p5": 0.023626655783628447,
          "p95": 0.023626655783628447
        },
        "mean_solve_time_ms": {
          "mean": 3.478181633946239,
          "std": 0.0,
          "min": 3.478181633946239,
          "max": 3.478181633946239,
          "p5": 3.478181633946239,
          "p95": 3.478181633946239
        },
        "max_solve_time_ms": {
          "mean": 42.97559999395162,
          "std": 0.0,
          "min": 42.97559999395162,
          "max": 42.97559999395162,
          "p5": 42.97559999395162,
          "p95": 42.97559999395162
        },
        "linear_jerk_rms": {
          "mean": 39.98724970482854,
          "std": 0.0,
          "min": 39.98724970482854,
          "max": 39.98724970482854,
          "p5": 39.98724970482854,
          "p95": 39.98724970482854
        },
        "angular_jerk_rms": {
          "mean": 20.60119909633162,
          "std": 0.0,
          "min": 20.60119909633162,
          "max": 20.60119909633162,
          "p5": 20.60119909633162,
          "p95": 20.60119909633162
        },
        "linear_jerk_peak": {
          "mean": 150.65982446422072,
          "std": 0.0,
          "min": 150.65982446422072,
          "max": 150.65982446422072,
          "p5": 150.65982446422072,
          "p95": 150.65982446422072
        },
        "angular_jerk_peak": {
          "mean": 93.31365526577025,
          "std": 0.0,
          "min": 93.31365526577025,
          "max": 93.31365526577025,
          "p5": 93.31365526577025,
          "p95": 93.31365526577025
        },
        "infeasible_count": {
          "mean": 0.0,
          "std": 0.0,
          "min": 0.0,
          "max": 0.0,
          "p5": 0.0,
          "p95": 0.0
        },
        "collision_count": {
          "mean": 0.0,
          "std": 0.0,
          "min": 0.0,
          "max": 0.0,
          "p5": 0.0,
          "p95": 0.0
        },
        "total_control_effort": {
          "mean": 72.2780051699748,
          "std": 0.0,
          "min": 72.2780051699748,
          "max": 72.2780051699748,
          "p5": 72.2780051699748,
          "p95": 72.2780051699748
        },
        "wall_time_s": {
          "mean": 0.18612920001032762,
          "std": 0.0,
          "min": 0.18612920001032762,
          "max": 0.18612920001032762,
          "p5": 0.18612920001032762,
          "p95": 0.18612920001032762
        }
      }
    },
    "hybrid": {
      "n_runs": 1,
      "metrics": {
        "mean_tracking_error": {
          "mean": 0.03275293866765111,
          "std": 0.0,
          "min": 0.03275293866765111,
          "max": 0.03275293866765111,
          "p5": 0.03275293866765111,
          "p95": 0.03275293866765111
        },
        "max_tracking_error": {
          "mean": 0.09743905443337955,
          "std": 0.0,
          "min": 0.09743905443337955,
          "max": 0.09743905443337955,
          "p5": 0.09743905443337955,
          "p95": 0.09743905443337955
        },
        "final_tracking_error": {
          "mean": 0.0009484553923036666,
          "std": 0.0,
          "min": 0.0009484553923036666,
          "max": 0.0009484553923036666,
          "p5": 0.0009484553923036666,
          "p95": 0.0009484553923036666
        },
        "mean_solve_time_ms": {
          "mean": 4.730749997543171,
          "std": 0.0,
          "min": 4.730749997543171,
          "max": 4.730749997543171,
          "p5": 4.730749997543171,
          "p95": 4.730749997543171
        },
        "max_solve_time_ms": {
          "mean": 27.64079999178648,
          "std": 0.0,
          "min": 27.64079999178648,
          "max": 27.64079999178648,
          "p5": 27.64079999178648,
          "p95": 27.64079999178648
        },
        "linear_jerk_rms": {
          "mean": 42.98715546840265,
          "std": 0.0,
          "min": 42.98715546840265,
          "max": 42.98715546840265,